Path;SteerAngle;Throttle;Brake;Speed;X_Position;Y_Position;Pitch;Yaw;Roll
C:\lucas\studium\udacity\nd209-robotics\project1\RoboND-Rover-Project\lw_calibration_images\IMG\robocam_2018_01_20_19_52_22_726.jpg;0;0;1;0;101.1392;83.48597;0.0002365796;0.7364273;-2.397851E-07
C:\lucas\studium\udacity\nd209-robotics\project1\RoboND-Rover-Project\lw_calibration_images\IMG\robocam_2018_01_20_19_52_22_788.jpg;0;0;0;0;101.1392;83.48597;0.0002365066;0.7364273;1.380009E-07
C:\lucas\studium\udacity\nd209-robotics\project1\RoboND-Rover-Project\lw_calibration_images\IMG\robocam_2018_01_20_19_52_22_854.jpg;0;0;0;0;101.1392;83.48597;0.0002363576;0.7364273;4.408133E-07
C:\lucas\studium\udacity\nd209-robotics\project1\RoboND-Rover-Project\lw_calibration_images\IMG\robocam_2018_01_20_19_52_22_921.jpg;0;0;0;0;101.1392;83.48597;0.0002360577;0.7364273;7.446027E-07
C:\lucas\studium\udacity\nd209-robotics\project1\RoboND-Rover-Project\lw_calibration_images\IMG\robocam_2018_01_20_19_52_22_988.jpg;0;0;0;0;101.1392;83.48597;0.0002358327;0.7364273;9.724547E-07
C:\lucas\studium\udacity\nd209-robotics\project1\RoboND-Rover-Project\lw_calibration_images\IMG\robocam_2018_01_20_19_52_23_054.jpg;0;0;0;0;101.1392;83.48597;0.0002354578;0.7364273;1.352182E-06
C:\lucas\studium\udacity\nd209-robotics\project1\RoboND-Rover-Project\lw_calibration_images\IMG\robocam_2018_01_20_19_52_23_121.jpg;0;0;0;0;101.1392;83.48597;0.000234858;0.7364273;1.959761E-06
C:\lucas\studium\udacity\nd209-robotics\project1\RoboND-Rover-Project\lw_calibration_images\IMG\robocam_2018_01_20_19_52_23_189.jpg;0;0;0;0;101.1392;83.48597;0.0002343322;0.7364273;2.340452E-06
C:\lucas\studium\udacity\nd209-robotics\project1\RoboND-Rover-Project\lw_calibration_images\IMG\robocam_2018_01_20_19_52_23_255.jpg;-2.052826;0;0;0;101.1392;83.48597;0.0002339076;0.4901276;4.081858E-06
C:\lucas\studium\udacity\nd209-robotics\project1\RoboND-Rover-Project\lw_calibration_images\IMG\robocam_2018_01_20_19_52_23_322.jpg;-2.03786;0;0;0;101.1392;83.48597;0.0002340885;0.004974365;5.272276E-06
C:\lucas\studium\udacity\nd209-robotics\project1\RoboND-Rover-Project\lw_calibration_images\IMG\robocam_2018_01_20_19_52_23_388.jpg;0;0;0;0;101.1392;83.48597;0.0002336356;0.003326416;5.124739E-06
C:\lucas\studium\udacity\nd209-robotics\project1\RoboND-Rover-Project\lw_calibration_images\IMG\robocam_2018_01_20_19_52_23_455.jpg;0;0;0;0;101.1392;83.48597;0.0002333337;0.003326416;4.822891E-06
C:\lucas\studium\udacity\nd209-robotics\project1\RoboND-Rover-Project\lw_calibration_images\IMG\robocam_2018_01_20_19_52_23_521.jpg;0;0;0;0;101.1392;83.48597;0.0002332583;0.003326416;4.445587E-06
C:\lucas\studium\udacity\nd209-robotics\project1\RoboND-Rover-Project\lw_calibration_images\IMG\robocam_2018_01_20_19_52_23_589.jpg;0;0;0;0;101.1392;83.48597;0.0002334846;0.003326416;4.219181E-06
C:\lucas\studium\udacity\nd209-robotics\project1\RoboND-Rover-Project\lw_calibration_images\IMG\robocam_2018_01_20_19_52_23_656.jpg;0;0;0;0;101.1392;83.48597;0.000233862;0.003326416;3.841851E-06
C:\lucas\studium\udacity\nd209-robotics\project1\RoboND-Rover-Project\lw_calibration_images\IMG\robocam_2018_01_20_19_52_23_722.jpg;0;0;0;0;101.1392;83.48597;0.0002346921;0.003326416;3.766369E-06
C:\lucas\studium\udacity\nd209-robotics\project1\RoboND-Rover-Project\lw_calibration_images\IMG\robocam_2018_01_20_19_52_23_788.jpg;0;0;0;0;101.1392;83.48597;0.0002353712;0.003326416;3.539951E-06
C:\lucas\studium\udacity\nd209-robotics\project1\RoboND-Rover-Project\lw_calibration_images\IMG\robocam_2018_01_20_19_52_23_855.jpg;0;0;0;0;101.1392;83.48597;0.0002362768;0.003326416;3.238076E-06
C:\lucas\studium\udacity\nd209-robotics\project1\RoboND-Rover-Project\lw_calibration_images\IMG\robocam_2018_01_20_19_52_23_922.jpg;0;0;0;0;101.1392;83.48597;0.0002370314;0.003326416;2.936202E-06
C:\lucas\studium\udacity\nd209-robotics\project1\RoboND-Rover-Project\lw_calibration_images\IMG\robocam_2018_01_20_19_52_23_989.jpg;0;0;0;0;101.1392;83.48597;0.0002379369;0.003326416;2.48339E-06
C:\lucas\studium\udacity\nd209-robotics\project1\RoboND-Rover-Project\lw_calibration_images\IMG\robocam_2018_01_20_19_52_24_055.jpg;0;0;0;0;101.1392;83.48597;0.0002391443;0.003326416;1.879654E-06
C:\lucas\studium\udacity\nd209-robotics\project1\RoboND-Rover-Project\lw_calibration_images\IMG\robocam_2018_01_20_19_52_24_122.jpg;0;0;0;0;101.1392;83.48597;0.0002398235;0.003326416;1.200463E-06
C:\lucas\studium\udacity\nd209-robotics\project1\RoboND-Rover-Project\lw_calibration_images\IMG\robocam_2018_01_20_19_52_24_188.jpg;0;0;0;0;101.1392;83.48597;0.0002402763;0.003326416;7.476642E-07
C:\lucas\studium\udacity\nd209-robotics\project1\RoboND-Rover-Project\lw_calibration_images\IMG\robocam_2018_01_20_19_52_24_255.jpg;0;0;0;0;101.1392;83.48597;0.00024088;0.003326416;1.439414E-07
C:\lucas\studium\udacity\nd209-robotics\project1\RoboND-Rover-Project\lw_calibration_images\IMG\robocam_2018_01_20_19_52_24_322.jpg;0;0;0;0;101.1392;83.48597;0.0002413327;0.003326416;-3.088572E-07
C:\lucas\studium\udacity\nd209-robotics\project1\RoboND-Rover-Project\lw_calibration_images\IMG\robocam_2018_01_20_19_52_24_389.jpg;0;0;0;0;101.1392;83.48597;0.0002415591;0.003326416;-9.880487E-07
C:\lucas\studium\udacity\nd209-robotics\project1\RoboND-Rover-Project\lw_calibration_images\IMG\robocam_2018_01_20_19_52_24_456.jpg;0;0;0;0;101.1392;83.48597;0.00024171;0.003326416;-1.742683E-06
C:\lucas\studium\udacity\nd209-robotics\project1\RoboND-Rover-Project\lw_calibration_images\IMG\robocam_2018_01_20_19_52_24_522.jpg;0;0;0;0;101.1392;83.48597;0.00024171;0.003326416;-2.195468E-06
C:\lucas\studium\udacity\nd209-robotics\project1\RoboND-Rover-Project\lw_calibration_images\IMG\robocam_2018_01_20_19_52_24_589.jpg;0;0;0;0;101.1392;83.48597;0.00024171;0.003326416;-2.648241E-06
C:\lucas\studium\udacity\nd209-robotics\project1\RoboND-Rover-Project\lw_calibration_images\IMG\robocam_2018_01_20_19_52_24_656.jpg;0;0;0;0;101.1392;83.48597;0.0002414836;0.003326416;-3.025558E-06
C:\lucas\studium\udacity\nd209-robotics\project1\RoboND-Rover-Project\lw_calibration_images\IMG\robocam_2018_01_20_19_52_24_723.jpg;1.531774;0;0;0;101.1392;83.48597;0.0002404991;0.1871796;-3.032931E-06
C:\lucas\studium\udacity\nd209-robotics\project1\RoboND-Rover-Project\lw_calibration_images\IMG\robocam_2018_01_20_19_52_24_789.jpg;1.525294;0;0;0;101.1392;83.48597;0.0002394191;0.6420212;-5.491973E-06
C:\lucas\studium\udacity\nd209-robotics\project1\RoboND-Rover-Project\lw_calibration_images\IMG\robocam_2018_01_20_19_52_24_856.jpg;0;0;0;0;101.1392;83.48597;0.0002376052;0.6462097;-5.943273E-06
C:\lucas\studium\udacity\nd209-robotics\project1\RoboND-Rover-Project\lw_calibration_images\IMG\robocam_2018_01_20_19_52_24_922.jpg;0;0;0;0;101.1392;83.48597;0.0002370058;0.6462097;-5.185252E-06
C:\lucas\studium\udacity\nd209-robotics\project1\RoboND-Rover-Project\lw_calibration_images\IMG\robocam_2018_01_20_19_52_24_990.jpg;0;0;0;0;101.1392;83.48597;0.0002364064;0.6462097;-4.427218E-06
C:\lucas\studium\udacity\nd209-robotics\project1\RoboND-Rover-Project\lw_calibration_images\IMG\robocam_2018_01_20_19_52_25_057.jpg;0;0;0;0;101.1392;83.48597;0.0002355818;0.6462097;-3.441527E-06
C:\lucas\studium\udacity\nd209-robotics\project1\RoboND-Rover-Project\lw_calibration_images\IMG\robocam_2018_01_20_19_52_25_123.jpg;0;0;0;0;101.1392;83.48597;0.0002346038;0.6462097;-2.907762E-06
C:\lucas\studium\udacity\nd209-robotics\project1\RoboND-Rover-Project\lw_calibration_images\IMG\robocam_2018_01_20_19_52_25_198.jpg;0;0;0;0;101.1392;83.48597;0.0002335533;0.6462097;-1.845327E-06
C:\lucas\studium\udacity\nd209-robotics\project1\RoboND-Rover-Project\lw_calibration_images\IMG\robocam_2018_01_20_19_52_25_259.jpg;0;0;0;0;101.1392;83.48597;0.0002329547;0.6462097;-9.363682E-07
C:\lucas\studium\udacity\nd209-robotics\project1\RoboND-Rover-Project\lw_calibration_images\IMG\robocam_2018_01_20_19_52_25_324.jpg;0;0;0;0;101.1392;83.48597;0.0002322793;0.6462097;-2.533859E-07
C:\lucas\studium\udacity\nd209-robotics\project1\RoboND-Rover-Project\lw_calibration_images\IMG\robocam_2018_01_20_19_52_25_392.jpg;0;0;0;0;101.1392;83.48597;0.0002319025;0.6462097;-1.757938E-07
C:\lucas\studium\udacity\nd209-robotics\project1\RoboND-Rover-Project\lw_calibration_images\IMG\robocam_2018_01_20_19_52_25_459.jpg;0;0;0;0;101.1392;83.48597;0.0002316023;0.6462097;1.277482E-07
C:\lucas\studium\udacity\nd209-robotics\project1\RoboND-Rover-Project\lw_calibration_images\IMG\robocam_2018_01_20_19_52_25_524.jpg;0;0;0;0;101.1392;83.48597;0.0002316031;0.6462097;2.786854E-07
C:\lucas\studium\udacity\nd209-robotics\project1\RoboND-Rover-Project\lw_calibration_images\IMG\robocam_2018_01_20_19_52_25_590.jpg;0;0;0;0;101.1392;83.48597;0.0002316031;0.6462097;2.786854E-07
C:\lucas\studium\udacity\nd209-robotics\project1\RoboND-Rover-Project\lw_calibration_images\IMG\robocam_2018_01_20_19_52_25_657.jpg;0;0;0;0;101.1392;83.48597;0.0002314514;0.6462097;1.28621E-07
C:\lucas\studium\udacity\nd209-robotics\project1\RoboND-Rover-Project\lw_calibration_images\IMG\robocam_2018_01_20_19_52_25_723.jpg;0;0;0;0;101.1392;83.48597;0.0002316782;0.6462097;2.027869E-07
C:\lucas\studium\udacity\nd209-robotics\project1\RoboND-Rover-Project\lw_calibration_images\IMG\robocam_2018_01_20_19_52_25_791.jpg;0;0;0;0;101.1392;83.48597;0.0002319033;0.6462097;-2.486959E-08
C:\lucas\studium\udacity\nd209-robotics\project1\RoboND-Rover-Project\lw_calibration_images\IMG\robocam_2018_01_20_19_52_25_857.jpg;0;0;0;0;101.1392;83.48597;0.0002320534;0.6462097;-1.766536E-07
C:\lucas\studium\udacity\nd209-robotics\project1\RoboND-Rover-Project\lw_calibration_images\IMG\robocam_2018_01_20_19_52_25_925.jpg;0;0;0;0;101.1392;83.48597;0.0002320534;0.6462097;-1.766536E-07
C:\lucas\studium\udacity\nd209-robotics\project1\RoboND-Rover-Project\lw_calibration_images\IMG\robocam_2018_01_20_19_52_25_991.jpg;0;0;0;0;101.1392;83.48597;0.0002320534;0.6462097;-1.766536E-07
C:\lucas\studium\udacity\nd209-robotics\project1\RoboND-Rover-Project\lw_calibration_images\IMG\robocam_2018_01_20_19_52_26_058.jpg;0;0;0;0;101.1392;83.48597;0.0002320534;0.6462097;-1.766536E-07
C:\lucas\studium\udacity\nd209-robotics\project1\RoboND-Rover-Project\lw_calibration_images\IMG\robocam_2018_01_20_19_52_26_124.jpg;0;0;0;0;101.1392;83.48597;0.0002320534;0.6462097;-1.766536E-07
C:\lucas\studium\udacity\nd209-robotics\project1\RoboND-Rover-Project\lw_calibration_images\IMG\robocam_2018_01_20_19_52_26_191.jpg;0;0;0;0;101.1392;83.48597;0.0002322035;0.6462097;-3.284245E-07
C:\lucas\studium\udacity\nd209-robotics\project1\RoboND-Rover-Project\lw_calibration_images\IMG\robocam_2018_01_20_19_52_26_257.jpg;0;0;0;0;101.1392;83.48597;0.0002325036;0.6462097;-6.319795E-07
C:\lucas\studium\udacity\nd209-robotics\project1\RoboND-Rover-Project\lw_calibration_images\IMG\robocam_2018_01_20_19_52_26_325.jpg;0;0;0;0;101.1392;83.48597;0.0002327287;0.6462097;-8.59636E-07
C:\lucas\studium\udacity\nd209-robotics\project1\RoboND-Rover-Project\lw_calibration_images\IMG\robocam_2018_01_20_19_52_26_392.jpg;0;0;0;0;101.1392;83.48597;0.0002329538;0.6462097;-1.087292E-06
C:\lucas\studium\udacity\nd209-robotics\project1\RoboND-Rover-Project\lw_calibration_images\IMG\robocam_2018_01_20_19_52_26_458.jpg;0;0;0;0;101.1392;83.48597;0.0002333298;0.6462097;-1.315809E-06
C:\lucas\studium\udacity\nd209-robotics\project1\RoboND-Rover-Project\lw_calibration_images\IMG\robocam_2018_01_20_19_52_26_524.jpg;0;0;0;0;101.1392;83.48597;0.0002339327;0.6462097;-1.470133E-06
C:\lucas\studium\udacity\nd209-robotics\project1\RoboND-Rover-Project\lw_calibration_images\IMG\robocam_2018_01_20_19_52_26_591.jpg;0;0;0;0;101.1392;83.48597;0.0002346106;0.6462097;-1.700356E-06
C:\lucas\studium\udacity\nd209-robotics\project1\RoboND-Rover-Project\lw_calibration_images\IMG\robocam_2018_01_20_19_52_26_658.jpg;0;0;0;0;101.1392;83.48597;0.0002353644;0.6462097;-1.855527E-06
C:\lucas\studium\udacity\nd209-robotics\project1\RoboND-Rover-Project\lw_calibration_images\IMG\robocam_2018_01_20_19_52_26_725.jpg;0;0;0;0;101.1392;83.48597;0.0002358171;0.6462097;-1.858093E-06
C:\lucas\studium\udacity\nd209-robotics\project1\RoboND-Rover-Project\lw_calibration_images\IMG\robocam_2018_01_20_19_52_26_791.jpg;0;0;0;0;101.1392;83.48597;0.0002362699;0.6462097;-1.860634E-06
C:\lucas\studium\udacity\nd209-robotics\project1\RoboND-Rover-Project\lw_calibration_images\IMG\robocam_2018_01_20_19_52_26_858.jpg;0;0;0;0;101.1392;83.48597;0.0002368736;0.6462097;-1.864047E-06
C:\lucas\studium\udacity\nd209-robotics\project1\RoboND-Rover-Project\lw_calibration_images\IMG\robocam_2018_01_20_19_52_26_926.jpg;0;0;0;0;101.1392;83.48597;0.0002373264;0.6462097;-1.866601E-06
C:\lucas\studium\udacity\nd209-robotics\project1\RoboND-Rover-Project\lw_calibration_images\IMG\robocam_2018_01_20_19_52_26_991.jpg;0;0;0;0;101.1392;83.48597;0.0002377791;0.6462097;-1.869141E-06
C:\lucas\studium\udacity\nd209-robotics\project1\RoboND-Rover-Project\lw_calibration_images\IMG\robocam_2018_01_20_19_52_27_058.jpg;0;0;0;0;101.1392;83.48597;0.0002383828;0.6462097;-1.872554E-06
C:\lucas\studium\udacity\nd209-robotics\project1\RoboND-Rover-Project\lw_calibration_images\IMG\robocam_2018_01_20_19_52_27_125.jpg;0;0;0;0;101.1392;83.48597;0.0002388356;0.6462097;-1.875108E-06
C:\lucas\studium\udacity\nd209-robotics\project1\RoboND-Rover-Project\lw_calibration_images\IMG\robocam_2018_01_20_19_52_27_192.jpg;0;0;0;0;101.1392;83.48597;0.0002389874;0.6462097;-1.725043E-06
C:\lucas\studium\udacity\nd209-robotics\project1\RoboND-Rover-Project\lw_calibration_images\IMG\robocam_2018_01_20_19_52_27_259.jpg;0;0;0;0;101.1392;83.48597;0.0002389874;0.6462097;-1.725043E-06
C:\lucas\studium\udacity\nd209-robotics\project1\RoboND-Rover-Project\lw_calibration_images\IMG\robocam_2018_01_20_19_52_27_326.jpg;0;0;0;0;101.1392;83.48597;0.0002389874;0.6462097;-1.725043E-06
C:\lucas\studium\udacity\nd209-robotics\project1\RoboND-Rover-Project\lw_calibration_images\IMG\robocam_2018_01_20_19_52_27_392.jpg;0;0;0;0;101.1392;83.48597;0.0002389124;0.6462097;-1.649158E-06
C:\lucas\studium\udacity\nd209-robotics\project1\RoboND-Rover-Project\lw_calibration_images\IMG\robocam_2018_01_20_19_52_27_459.jpg;0;0;0;0;101.1392;83.48597;0.0002386122;0.6462097;-1.345603E-06
C:\lucas\studium\udacity\nd209-robotics\project1\RoboND-Rover-Project\lw_calibration_images\IMG\robocam_2018_01_20_19_52_27_526.jpg;0;0;0;0;101.1392;83.48597;0.0002383871;0.6462097;-1.117933E-06
C:\lucas\studium\udacity\nd209-robotics\project1\RoboND-Rover-Project\lw_calibration_images\IMG\robocam_2018_01_20_19_52_27_592.jpg;0;0;0;0;101.1392;83.48597;0.000238162;0.6462097;-8.902767E-07
C:\lucas\studium\udacity\nd209-robotics\project1\RoboND-Rover-Project\lw_calibration_images\IMG\robocam_2018_01_20_19_52_27_659.jpg;0;0;0;0;101.1392;83.48597;0.0002378618;0.6462097;-5.867218E-07
C:\lucas\studium\udacity\nd209-robotics\project1\RoboND-Rover-Project\lw_calibration_images\IMG\robocam_2018_01_20_19_52_27_726.jpg;0;0;0;0;101.1392;83.48597;0.0002376367;0.6462097;-3.590523E-07
C:\lucas\studium\udacity\nd209-robotics\project1\RoboND-Rover-Project\lw_calibration_images\IMG\robocam_2018_01_20_19_52_27_793.jpg;0;0;0;0;101.1392;83.48597;0.0002371865;0.6462097;9.62736E-08
C:\lucas\studium\udacity\nd209-robotics\project1\RoboND-Rover-Project\lw_calibration_images\IMG\robocam_2018_01_20_19_52_27_860.jpg;0;0;0;0;101.1392;83.48597;0.0002365103;0.6462097;6.283318E-07
C:\lucas\studium\udacity\nd209-robotics\project1\RoboND-Rover-Project\lw_calibration_images\IMG\robocam_2018_01_20_19_52_27_926.jpg;0;0.1983805;0;0;101.1396;83.48598;0.008183517;0.6657791;-8.154622E-06
C:\lucas\studium\udacity\nd209-robotics\project1\RoboND-Rover-Project\lw_calibration_images\IMG\robocam_2018_01_20_19_52_27_993.jpg;0;0.3997295;0;0;101.1407;83.48599;0.03052362;0.5497742;3.90468E-05
C:\lucas\studium\udacity\nd209-robotics\project1\RoboND-Rover-Project\lw_calibration_images\IMG\robocam_2018_01_20_19_52_28_060.jpg;0;0.2001442;0;0.02973574;101.1448;83.48603;0.1148283;0.5453186;7.938111E-05
C:\lucas\studium\udacity\nd209-robotics\project1\RoboND-Rover-Project\lw_calibration_images\IMG\robocam_2018_01_20_19_52_28_126.jpg;0;0.0003593713;0;0.04936919;101.1489;83.48608;0.1906065;0.7034836;-0.0003537844
C:\lucas\studium\udacity\nd209-robotics\project1\RoboND-Rover-Project\lw_calibration_images\IMG\robocam_2018_01_20_19_52_28_193.jpg;0;0;0;0.0440697;101.1526;83.48611;0.24849;0.6980591;-0.0003279855
C:\lucas\studium\udacity\nd209-robotics\project1\RoboND-Rover-Project\lw_calibration_images\IMG\robocam_2018_01_20_19_52_28_260.jpg;0;0;0;0.04408736;101.1571;83.48615;0.3030587;0.6980591;-0.0002582968
C:\lucas\studium\udacity\nd209-robotics\project1\RoboND-Rover-Project\lw_calibration_images\IMG\robocam_2018_01_20_19_52_28_328.jpg;0;0;0.1026179;0.04411291;101.1599;83.48618;0.3213714;0.6981812;-0.0002019873
C:\lucas\studium\udacity\nd209-robotics\project1\RoboND-Rover-Project\lw_calibration_images\IMG\robocam_2018_01_20_19_52_28_394.jpg;0;0;0.3019165;0.01466823;101.1599;83.48617;0.2719745;0.6981888;-0.000144276
C:\lucas\studium\udacity\nd209-robotics\project1\RoboND-Rover-Project\lw_calibration_images\IMG\robocam_2018_01_20_19_52_28_461.jpg;0;0;0.5023955;0.01515205;101.1599;83.48616;0.2037881;0.6981888;-7.067023E-05
C:\lucas\studium\udacity\nd209-robotics\project1\RoboND-Rover-Project\lw_calibration_images\IMG\robocam_2018_01_20_19_52_28_528.jpg;0;0;0.7046295;0.01531253;101.16;83.48615;0.152305;0.6981888;-1.923666E-05
C:\lucas\studium\udacity\nd209-robotics\project1\RoboND-Rover-Project\lw_calibration_images\IMG\robocam_2018_01_20_19_52_28_593.jpg;0;0;0.9016918;0.01505649;101.16;83.48614;0.1016454;0.6981888;2.757093E-05
C:\lucas\studium\udacity\nd209-robotics\project1\RoboND-Rover-Project\lw_calibration_images\IMG\robocam_2018_01_20_19_52_28_660.jpg;0;0;0;0.01454416;101.16;83.48612;0.03694344;0.6981888;8.272768E-05
C:\lucas\studium\udacity\nd209-robotics\project1\RoboND-Rover-Project\lw_calibration_images\IMG\robocam_2018_01_20_19_52_28_727.jpg;0;0;0;0.01378948;101.16;83.48611;359.9916;0.6981888;0.0001177036
C:\lucas\studium\udacity\nd209-robotics\project1\RoboND-Rover-Project\lw_calibration_images\IMG\robocam_2018_01_20_19_52_28_794.jpg;0;0;0;0.01246235;101.16;83.48611;359.9497;0.6981964;0.0001476462
C:\lucas\studium\udacity\nd209-robotics\project1\RoboND-Rover-Project\lw_calibration_images\IMG\robocam_2018_01_20_19_52_28_860.jpg;0;0;0;0.01127019;101.1601;83.4861;359.9001;0.698204;0.000178479
C:\lucas\studium\udacity\nd209-robotics\project1\RoboND-Rover-Project\lw_calibration_images\IMG\robocam_2018_01_20_19_52_28_928.jpg;0;0.1014352;0;0;101.1604;83.4861;359.8753;0.7176819;0.0002669783
C:\lucas\studium\udacity\nd209-robotics\project1\RoboND-Rover-Project\lw_calibration_images\IMG\robocam_2018_01_20_19_52_28_995.jpg;0;0.3022119;0;0.02290181;101.1616;83.48612;359.8725;0.6510391;0.000175571
C:\lucas\studium\udacity\nd209-robotics\project1\RoboND-Rover-Project\lw_calibration_images\IMG\robocam_2018_01_20_19_52_29_060.jpg;0;0.5017505;0;0.03267439;101.1659;83.48616;359.9321;0.6442947;6.460002E-05
C:\lucas\studium\udacity\nd209-robotics\project1\RoboND-Rover-Project\lw_calibration_images\IMG\robocam_2018_01_20_19_52_29_128.jpg;0;0.7013642;0;0.06785298;101.1722;83.48624;0.04052365;0.6252289;9.109033E-05
C:\lucas\studium\udacity\nd209-robotics\project1\RoboND-Rover-Project\lw_calibration_images\IMG\robocam_2018_01_20_19_52_29_195.jpg;0;0.9011072;0;0.1088351;101.1816;83.48634;0.2081342;0.570694;0.0002660323
C:\lucas\studium\udacity\nd209-robotics\project1\RoboND-Rover-Project\lw_calibration_images\IMG\robocam_2018_01_20_19_52_29_261.jpg;0;1;0;0.1629988;101.2007;83.48653;0.5341785;0.6243896;-0.0009884459
C:\lucas\studium\udacity\nd209-robotics\project1\RoboND-Rover-Project\lw_calibration_images\IMG\robocam_2018_01_20_19_52_29_328.jpg;0;0.8990301;0;0.2314705;101.2194;83.4867;0.8116447;0.6008835;-0.0006825271
C:\lucas\studium\udacity\nd209-robotics\project1\RoboND-Rover-Project\lw_calibration_images\IMG\robocam_2018_01_20_19_52_29_395.jpg;0;0.699377;0;0.2642855;101.2478;83.48682;1.168435;0.3163071;0.0002803094
C:\lucas\studium\udacity\nd209-robotics\project1\RoboND-Rover-Project\lw_calibration_images\IMG\robocam_2018_01_20_19_52_29_462.jpg;0;0;0.09911516;0.2975506;101.2669;83.48671;1.269914;0.3906403;-0.003771938
C:\lucas\studium\udacity\nd209-robotics\project1\RoboND-Rover-Project\lw_calibration_images\IMG\robocam_2018_01_20_19_52_29_528.jpg;0;0;0.2984827;0.221813;101.2702;83.48667;0.917087;0.4000931;0.005967361
C:\lucas\studium\udacity\nd209-robotics\project1\RoboND-Rover-Project\lw_calibration_images\IMG\robocam_2018_01_20_19_52_29_595.jpg;0;0;0.498958;0.1222169;101.2704;83.48666;0.3718075;0.4000931;0.01936665
C:\lucas\studium\udacity\nd209-robotics\project1\RoboND-Rover-Project\lw_calibration_images\IMG\robocam_2018_01_20_19_52_29_661.jpg;0;0;0.6996437;0.1163864;101.2705;83.48666;359.9882;0.4002457;0.02794697
C:\lucas\studium\udacity\nd209-robotics\project1\RoboND-Rover-Project\lw_calibration_images\IMG\robocam_2018_01_20_19_52_29_728.jpg;0;0;0.8996685;0.1057742;101.2707;83.48665;359.6328;0.4004822;0.03520158
C:\lucas\studium\udacity\nd209-robotics\project1\RoboND-Rover-Project\lw_calibration_images\IMG\robocam_2018_01_20_19_52_29_795.jpg;0;0;1;0.09606519;101.2709;83.48644;359.2168;0.4006653;0.0316948
C:\lucas\studium\udacity\nd209-robotics\project1\RoboND-Rover-Project\lw_calibration_images\IMG\robocam_2018_01_20_19_52_29_861.jpg;0;0;1;0.07838833;101.271;83.48622;358.9726;0.400177;-0.0007534696
C:\lucas\studium\udacity\nd209-robotics\project1\RoboND-Rover-Project\lw_calibration_images\IMG\robocam_2018_01_20_19_52_29_928.jpg;0;0;1;0.05561692;101.2711;83.48656;358.7902;0.4002304;-0.00401347
C:\lucas\studium\udacity\nd209-robotics\project1\RoboND-Rover-Project\lw_calibration_images\IMG\robocam_2018_01_20_19_52_29_995.jpg;0;0;1;0.01996536;101.2711;83.48648;358.7295;0.4003448;-0.003010025
C:\lucas\studium\udacity\nd209-robotics\project1\RoboND-Rover-Project\lw_calibration_images\IMG\robocam_2018_01_20_19_52_30_061.jpg;0;0;1;-0.0110103;101.2711;83.48632;358.7964;0.4005585;0.005612132
C:\lucas\studium\udacity\nd209-robotics\project1\RoboND-Rover-Project\lw_calibration_images\IMG\robocam_2018_01_20_19_52_30_129.jpg;0;0;1;-0.02935084;101.271;83.48587;358.9056;0.4003906;0.0007645336
C:\lucas\studium\udacity\nd209-robotics\project1\RoboND-Rover-Project\lw_calibration_images\IMG\robocam_2018_01_20_19_52_30_196.jpg;0;0;1;-0.03545226;101.271;83.48579;359.067;0.4005356;0.008538869
C:\lucas\studium\udacity\nd209-robotics\project1\RoboND-Rover-Project\lw_calibration_images\IMG\robocam_2018_01_20_19_52_30_262.jpg;0;0;1;-0.03858991;101.2709;83.48579;359.1988;0.4006348;0.01507178
C:\lucas\studium\udacity\nd209-robotics\project1\RoboND-Rover-Project\lw_calibration_images\IMG\robocam_2018_01_20_19_52_30_329.jpg;0;0;1;-0.04104575;101.2709;83.48578;359.3364;0.4006882;0.02071559
C:\lucas\studium\udacity\nd209-robotics\project1\RoboND-Rover-Project\lw_calibration_images\IMG\robocam_2018_01_20_19_52_30_395.jpg;0;0;0;-0.04182956;101.2708;83.48577;359.5235;0.4006958;0.02679581
C:\lucas\studium\udacity\nd209-robotics\project1\RoboND-Rover-Project\lw_calibration_images\IMG\robocam_2018_01_20_19_52_30_462.jpg;0;0;0;-0.04175822;101.2707;83.48576;359.663;0.4006653;0.03025863
C:\lucas\studium\udacity\nd209-robotics\project1\RoboND-Rover-Project\lw_calibration_images\IMG\robocam_2018_01_20_19_52_30_529.jpg;0;0;0;-0.04044179;101.2707;83.48576;359.7988;0.4005966;0.03282614
C:\lucas\studium\udacity\nd209-robotics\project1\RoboND-Rover-Project\lw_calibration_images\IMG\robocam_2018_01_20_19_52_30_595.jpg;0;0;0;-0.03863674;101.2706;83.48575;359.9702;0.4004898;0.03486438
C:\lucas\studium\udacity\nd209-robotics\project1\RoboND-Rover-Project\lw_calibration_images\IMG\robocam_2018_01_20_19_52_30_663.jpg;0;0;0;-0.03622386;101.2706;83.48575;0.08887925;0.4004059;0.03538397
C:\lucas\studium\udacity\nd209-robotics\project1\RoboND-Rover-Project\lw_calibration_images\IMG\robocam_2018_01_20_19_52_30_729.jpg;0;0;0;-0.03221747;101.2705;83.48575;0.1972465;0.4003372;0.03511217
C:\lucas\studium\udacity\nd209-robotics\project1\RoboND-Rover-Project\lw_calibration_images\IMG\robocam_2018_01_20_19_52_30_796.jpg;0;-0.1000173;0;-0.02874365;101.2699;83.48575;0.3095222;0.4573288;0.03336503
C:\lucas\studium\udacity\nd209-robotics\project1\RoboND-Rover-Project\lw_calibration_images\IMG\robocam_2018_01_20_19_52_30_863.jpg;0;-0.3001566;0;-0.03259644;101.2679;83.48572;0.3489892;0.5690842;0.03076834
C:\lucas\studium\udacity\nd209-robotics\project1\RoboND-Rover-Project\lw_calibration_images\IMG\robocam_2018_01_20_19_52_30_929.jpg;0;-0.4995783;0;-0.05658643;101.2642;83.48568;0.3406835;0.5572586;0.02833977
C:\lucas\studium\udacity\nd209-robotics\project1\RoboND-Rover-Project\lw_calibration_images\IMG\robocam_2018_01_20_19_52_30_997.jpg;0;-0.7009028;0;-0.08486308;101.2556;83.4856;0.2410267;0.3981247;0.02541244
C:\lucas\studium\udacity\nd209-robotics\project1\RoboND-Rover-Project\lw_calibration_images\IMG\robocam_2018_01_20_19_52_31_063.jpg;0;-0.8995257;0;-0.1272822;101.2444;83.48552;0.0633623;0.4147415;0.02211244
C:\lucas\studium\udacity\nd209-robotics\project1\RoboND-Rover-Project\lw_calibration_images\IMG\robocam_2018_01_20_19_52_31_129.jpg;0;-1;0;-0.1718023;101.2286;83.48542;359.7987;0.3513718;0.01887026
C:\lucas\studium\udacity\nd209-robotics\project1\RoboND-Rover-Project\lw_calibration_images\IMG\robocam_2018_01_20_19_52_31_172.jpg;0;-1;0;-0.2066805;101.2162;83.48531;359.5944;0.4340057;0.0166886
C:\lucas\studium\udacity\nd209-robotics\project1\RoboND-Rover-Project\lw_calibration_images\IMG\robocam_2018_01_20_19_52_31_229.jpg;0;-1;0;-0.2653874;101.1942;83.485;359.2579;0.3665085;-0.001376425
C:\lucas\studium\udacity\nd209-robotics\project1\RoboND-Rover-Project\lw_calibration_images\IMG\robocam_2018_01_20_19_52_31_297.jpg;0;-0.8002965;0;-0.309666;101.1618;83.4849;358.8484;0.2887802;-0.0005739051
C:\lucas\studium\udacity\nd209-robotics\project1\RoboND-Rover-Project\lw_calibration_images\IMG\robocam_2018_01_20_19_52_31_363.jpg;0;-0.6008244;0;-0.347412;101.1364;83.48473;358.6371;0.2739182;-0.002145019
C:\lucas\studium\udacity\nd209-robotics\project1\RoboND-Rover-Project\lw_calibration_images\IMG\robocam_2018_01_20_19_52_31_429.jpg;0;-0.4000747;0;-0.3985032;101.1141;83.48464;358.7431;0.2608566;-0.003349679
C:\lucas\studium\udacity\nd209-robotics\project1\RoboND-Rover-Project\lw_calibration_images\IMG\robocam_2018_01_20_19_52_31_497.jpg;0;-0.1993422;0;-0.4388036;101.085;83.48452;359.0447;0.083992;0.0009993209
C:\lucas\studium\udacity\nd209-robotics\project1\RoboND-Rover-Project\lw_calibration_images\IMG\robocam_2018_01_20_19_52_31_564.jpg;0;0;0;-0.4181699;101.0638;83.48449;359.2859;0.03340149;0.009328441
C:\lucas\studium\udacity\nd209-robotics\project1\RoboND-Rover-Project\lw_calibration_images\IMG\robocam_2018_01_20_19_52_31_630.jpg;0;0;0.1975485;-0.3289363;101.0513;83.48458;359.7171;0.2712555;0.02548299
C:\lucas\studium\udacity\nd209-robotics\project1\RoboND-Rover-Project\lw_calibration_images\IMG\robocam_2018_01_20_19_52_31_697.jpg;0;0;0.3997247;-0.1981223;101.0509;83.48452;0.5927371;0.2725449;0.0446261
C:\lucas\studium\udacity\nd209-robotics\project1\RoboND-Rover-Project\lw_calibration_images\IMG\robocam_2018_01_20_19_52_31_764.jpg;0;0;0.5983525;-0.1811727;101.0507;83.48365;1.144876;0.272522;0.00118426
C:\lucas\studium\udacity\nd209-robotics\project1\RoboND-Rover-Project\lw_calibration_images\IMG\robocam_2018_01_20_19_52_31_830.jpg;0;0;0.8000327;-0.1146541;101.0506;83.48447;1.520345;0.2717514;0.008327491
C:\lucas\studium\udacity\nd209-robotics\project1\RoboND-Rover-Project\lw_calibration_images\IMG\robocam_2018_01_20_19_52_31_897.jpg;0;0;0.9998039;-0.03901064;101.0504;83.48444;1.572103;0.2684784;0.003362893
C:\lucas\studium\udacity\nd209-robotics\project1\RoboND-Rover-Project\lw_calibration_images\IMG\robocam_2018_01_20_19_52_31_964.jpg;0;0;1;0.06148882;101.0504;83.48383;1.270805;0.2672043;-0.004355157
C:\lucas\studium\udacity\nd209-robotics\project1\RoboND-Rover-Project\lw_calibration_images\IMG\robocam_2018_01_20_19_52_32_031.jpg;0;0;1;0.09978472;101.0505;83.48383;0.938158;0.2663422;0.04533978
C:\lucas\studium\udacity\nd209-robotics\project1\RoboND-Rover-Project\lw_calibration_images\IMG\robocam_2018_01_20_19_52_32_098.jpg;0;0;1;0.09772097;101.0506;83.48378;0.5049918;0.2661743;0.1019112
C:\lucas\studium\udacity\nd209-robotics\project1\RoboND-Rover-Project\lw_calibration_images\IMG\robocam_2018_01_20_19_52_32_164.jpg;0;0;1;0.09415631;101.0507;83.48374;0.1953623;0.2666016;0.1376386
C:\lucas\studium\udacity\nd209-robotics\project1\RoboND-Rover-Project\lw_calibration_images\IMG\robocam_2018_01_20_19_52_32_231.jpg;0;0;1;0.08695951;101.0508;83.4837;359.9045;0.2673492;0.1674014
C:\lucas\studium\udacity\nd209-robotics\project1\RoboND-Rover-Project\lw_calibration_images\IMG\robocam_2018_01_20_19_52_32_298.jpg;0;0;0;0.0800516;101.0509;83.48365;359.5533;0.2686081;0.1977122
C:\lucas\studium\udacity\nd209-robotics\project1\RoboND-Rover-Project\lw_calibration_images\IMG\robocam_2018_01_20_19_52_32_365.jpg;0;0;0;0.06855244;101.051;83.48331;359.3416;0.269104;0.1830598
C:\lucas\studium\udacity\nd209-robotics\project1\RoboND-Rover-Project\lw_calibration_images\IMG\robocam_2018_01_20_19_52_32_431.jpg;0;0;0;0.0511078;101.0511;83.48317;359.1713;0.2692642;0.1562509
C:\lucas\studium\udacity\nd209-robotics\project1\RoboND-Rover-Project\lw_calibration_images\IMG\robocam_2018_01_20_19_52_32_498.jpg;0;0;0;0.04062017;101.0512;83.48309;359.0019;0.2688675;0.1064638
C:\lucas\studium\udacity\nd209-robotics\project1\RoboND-Rover-Project\lw_calibration_images\IMG\robocam_2018_01_20_19_52_32_565.jpg;0;0;0.1012432;0.03143196;101.0512;83.48303;358.9156;0.2684021;0.06171872
C:\lucas\studium\udacity\nd209-robotics\project1\RoboND-Rover-Project\lw_calibration_images\IMG\robocam_2018_01_20_19_52_32_631.jpg;0;0;0.3005319;0.02162509;101.0513;83.48303;358.8655;0.267952;0.01073105
C:\lucas\studium\udacity\nd209-robotics\project1\RoboND-Rover-Project\lw_calibration_images\IMG\robocam_2018_01_20_19_52_32_699.jpg;0;0;0.5003118;0.0123467;101.0513;83.4832;358.8604;0.2665787;359.9652
C:\lucas\studium\udacity\nd209-robotics\project1\RoboND-Rover-Project\lw_calibration_images\IMG\robocam_2018_01_20_19_52_32_766.jpg;0;0;0.7012855;-0.01180168;101.0513;83.48346;358.9038;0.266655;359.9622
C:\lucas\studium\udacity\nd209-robotics\project1\RoboND-Rover-Project\lw_calibration_images\IMG\robocam_2018_01_20_19_52_32_832.jpg;0;0;0.9004093;-0.01887554;101.0512;83.48352;358.9672;0.2666779;359.9583
C:\lucas\studium\udacity\nd209-robotics\project1\RoboND-Rover-Project\lw_calibration_images\IMG\robocam_2018_01_20_19_52_32_898.jpg;0;0;0;-0.02355759;101.0512;83.48353;359.0753;0.2667084;359.9539
C:\lucas\studium\udacity\nd209-robotics\project1\RoboND-Rover-Project\lw_calibration_images\IMG\robocam_2018_01_20_19_52_32_965.jpg;0;0;0;-0.02727938;101.0511;83.48353;359.1703;0.2667694;359.952
C:\lucas\studium\udacity\nd209-robotics\project1\RoboND-Rover-Project\lw_calibration_images\IMG\robocam_2018_01_20_19_52_33_032.jpg;0;0;0;-0.03101452;101.0511;83.48354;359.2743;0.2668686;359.9512
C:\lucas\studium\udacity\nd209-robotics\project1\RoboND-Rover-Project\lw_calibration_images\IMG\robocam_2018_01_20_19_52_33_099.jpg;0;0;0;-0.03289873;101.051;83.48354;359.4224;0.2670288;359.9518
C:\lucas\studium\udacity\nd209-robotics\project1\RoboND-Rover-Project\lw_calibration_images\IMG\robocam_2018_01_20_19_52_33_165.jpg;0;0;0;-0.03401746;101.051;83.48354;359.5373;0.2671585;359.9534
C:\lucas\studium\udacity\nd209-robotics\project1\RoboND-Rover-Project\lw_calibration_images\IMG\robocam_2018_01_20_19_52_33_231.jpg;0;0;0;-0.03437744;101.051;83.48354;359.6527;0.2672806;359.9559
C:\lucas\studium\udacity\nd209-robotics\project1\RoboND-Rover-Project\lw_calibration_images\IMG\robocam_2018_01_20_19_52_33_299.jpg;0;0;0;-0.03386036;101.0509;83.48354;359.8036;0.2674103;359.9602
C:\lucas\studium\udacity\nd209-robotics\project1\RoboND-Rover-Project\lw_calibration_images\IMG\robocam_2018_01_20_19_52_33_365.jpg;0;0;0;-0.03273248;101.0509;83.48354;359.9118;0.2674866;359.9641
C:\lucas\studium\udacity\nd209-robotics\project1\RoboND-Rover-Project\lw_calibration_images\IMG\robocam_2018_01_20_19_52_33_432.jpg;0;0;0;-0.03039368;101.0508;83.48353;0.01387507;0.2675476;359.9684
C:\lucas\studium\udacity\nd209-robotics\project1\RoboND-Rover-Project\lw_calibration_images\IMG\robocam_2018_01_20_19_52_33_499.jpg;0;0;0;-0.02810682;101.0508;83.48352;0.1378181;0.2675934;359.9746
C:\lucas\studium\udacity\nd209-robotics\project1\RoboND-Rover-Project\lw_calibration_images\IMG\robocam_2018_01_20_19_52_33_566.jpg;0;0;0;-0.02544873;101.0507;83.48352;0.2200762;0.267601;359.9793
C:\lucas\studium\udacity\nd209-robotics\project1\RoboND-Rover-Project\lw_calibration_images\IMG\robocam_2018_01_20_19_52_33_632.jpg;0;0;0;-0.02146156;101.0507;83.48352;0.2921301;0.2675934;359.9841
C:\lucas\studium\udacity\nd209-robotics\project1\RoboND-Rover-Project\lw_calibration_images\IMG\robocam_2018_01_20_19_52_33_700.jpg;0;-0.1979128;0;-0.01606521;101.0493;83.48351;0.3423524;0.3026428;359.9901
C:\lucas\studium\udacity\nd209-robotics\project1\RoboND-Rover-Project\lw_calibration_images\IMG\robocam_2018_01_20_19_52_33_766.jpg;0;-0.398756;0;-0.03931094;101.0465;83.48349;0.330434;0.3392258;-0.005674127
C:\lucas\studium\udacity\nd209-robotics\project1\RoboND-Rover-Project\lw_calibration_images\IMG\robocam_2018_01_20_19_52_33_832.jpg;0;-0.5988645;0;-0.05749412;101.0419;83.48347;0.2757309;0.2540588;-0.001374351
C:\lucas\studium\udacity\nd209-robotics\project1\RoboND-Rover-Project\lw_calibration_images\IMG\robocam_2018_01_20_19_52_33_900.jpg;0;-0.7991896;0;-0.09359847;101.0302;83.48341;0.0785121;0.3128586;0.003712181
C:\lucas\studium\udacity\nd209-robotics\project1\RoboND-Rover-Project\lw_calibration_images\IMG\robocam_2018_01_20_19_52_33_967.jpg;0;-0.9993129;0;-0.1329699;101.0173;83.48338;359.8546;0.09445953;0.006846453
C:\lucas\studium\udacity\nd209-robotics\project1\RoboND-Rover-Project\lw_calibration_images\IMG\robocam_2018_01_20_19_52_34_033.jpg;0;-1;0;-0.2149796;101.0001;83.48336;359.5527;0.01818848;0.009423452
C:\lucas\studium\udacity\nd209-robotics\project1\RoboND-Rover-Project\lw_calibration_images\IMG\robocam_2018_01_20_19_52_34_100.jpg;0;-1;0;-0.2270855;100.9721;83.48307;359.1255;0.1352615;-0.0004007066
C:\lucas\studium\udacity\nd209-robotics\project1\RoboND-Rover-Project\lw_calibration_images\IMG\robocam_2018_01_20_19_52_34_167.jpg;0;-0.8985501;0;-0.3015654;100.9478;83.48297;358.8138;0.07015991;-0.001660465
C:\lucas\studium\udacity\nd209-robotics\project1\RoboND-Rover-Project\lw_calibration_images\IMG\robocam_2018_01_20_19_52_34_234.jpg;0;-0.6994607;0;-0.3623395;100.9224;83.4826;358.6159;0.08547974;-0.001856859
C:\lucas\studium\udacity\nd209-robotics\project1\RoboND-Rover-Project\lw_calibration_images\IMG\robocam_2018_01_20_19_52_34_301.jpg;0;-0.4979258;0;-0.3805218;100.8941;83.48228;358.831;359.9927;-0.001045236
C:\lucas\studium\udacity\nd209-robotics\project1\RoboND-Rover-Project\lw_calibration_images\IMG\robocam_2018_01_20_19_52_34_368.jpg;0;0;0.09923823;-0.4253857;100.8741;83.48223;359.0792;0.02015686;0.005626561
C:\lucas\studium\udacity\nd209-robotics\project1\RoboND-Rover-Project\lw_calibration_images\IMG\robocam_2018_01_20_19_52_34_434.jpg;0;0;0.3003781;-0.2055063;100.8705;83.48223;359.6822;0.01307678;0.01287608
C:\lucas\studium\udacity\nd209-robotics\project1\RoboND-Rover-Project\lw_calibration_images\IMG\robocam_2018_01_20_19_52_34_501.jpg;0;0;0.5021924;-0.1889923;100.8702;83.48222;0.5179576;0.01277924;0.02095734
C:\lucas\studium\udacity\nd209-robotics\project1\RoboND-Rover-Project\lw_calibration_images\IMG\robocam_2018_01_20_19_52_34_567.jpg;0;0;0.6998664;-0.1731495;100.87;83.48171;1.056473;0.01288605;359.9877
C:\lucas\studium\udacity\nd209-robotics\project1\RoboND-Rover-Project\lw_calibration_images\IMG\robocam_2018_01_20_19_52_34_633.jpg;0;0;0.8978789;-0.1203342;100.8698;83.4828;1.446578;0.01160431;0.02802834
C:\lucas\studium\udacity\nd209-robotics\project1\RoboND-Rover-Project\lw_calibration_images\IMG\robocam_2018_01_20_19_52_34_700.jpg;0;0;1;-0.04591879;100.8696;83.48193;1.525801;0.01024628;-0.004730516
C:\lucas\studium\udacity\nd209-robotics\project1\RoboND-Rover-Project\lw_calibration_images\IMG\robocam_2018_01_20_19_52_34_768.jpg;0;0;1;0.043771;100.8696;83.48149;1.285644;0.00894165;-0.00376641
C:\lucas\studium\udacity\nd209-robotics\project1\RoboND-Rover-Project\lw_calibration_images\IMG\robocam_2018_01_20_19_52_34_835.jpg;0;0;1;0.08320286;100.8697;83.48099;1.001095;0.008605957;0.003599418
C:\lucas\studium\udacity\nd209-robotics\project1\RoboND-Rover-Project\lw_calibration_images\IMG\robocam_2018_01_20_19_52_34_901.jpg;0;0;1;0.08443213;100.8698;83.48096;0.6230167;0.008415222;0.0248871
C:\lucas\studium\udacity\nd209-robotics\project1\RoboND-Rover-Project\lw_calibration_images\IMG\robocam_2018_01_20_19_52_34_969.jpg;0;0;1;0.08255666;100.8699;83.48095;0.3485063;0.008460999;0.03865025
C:\lucas\studium\udacity\nd209-robotics\project1\RoboND-Rover-Project\lw_calibration_images\IMG\robocam_2018_01_20_19_52_35_036.jpg;0;0;1;0.07770287;100.87;83.48093;0.003847002;0.008705139;0.05386566
C:\lucas\studium\udacity\nd209-robotics\project1\RoboND-Rover-Project\lw_calibration_images\IMG\robocam_2018_01_20_19_52_35_102.jpg;0;0;0;0.07259872;100.8701;83.48092;359.7665;0.008972168;0.06286317
C:\lucas\studium\udacity\nd209-robotics\project1\RoboND-Rover-Project\lw_calibration_images\IMG\robocam_2018_01_20_19_52_35_168.jpg;0;0;0;0.06421455;100.8702;83.4809;359.551;0.009254456;0.06978852
C:\lucas\studium\udacity\nd209-robotics\project1\RoboND-Rover-Project\lw_calibration_images\IMG\robocam_2018_01_20_19_52_35_237.jpg;0;0;0;0.05430284;100.8703;83.48065;359.3169;0.00932312;0.05332425
C:\lucas\studium\udacity\nd209-robotics\project1\RoboND-Rover-Project\lw_calibration_images\IMG\robocam_2018_01_20_19_52_35_304.jpg;0;0;0;0.04311649;100.8703;83.48057;359.1846;0.009094238;0.02816287
C:\lucas\studium\udacity\nd209-robotics\project1\RoboND-Rover-Project\lw_calibration_images\IMG\robocam_2018_01_20_19_52_35_371.jpg;0;0;0;0.03104427;100.8704;83.48058;359.0847;0.008918762;-0.001107272
C:\lucas\studium\udacity\nd209-robotics\project1\RoboND-Rover-Project\lw_calibration_images\IMG\robocam_2018_01_20_19_52_35_439.jpg;0;0;0;0.02039496;100.8704;83.48059;359.0038;0.008018494;359.9736
C:\lucas\studium\udacity\nd209-robotics\project1\RoboND-Rover-Project\lw_calibration_images\IMG\robocam_2018_01_20_19_52_35_505.jpg;0;0;0;0.01127526;100.8704;83.48061;358.9777;0.007591248;359.9651
C:\lucas\studium\udacity\nd209-robotics\project1\RoboND-Rover-Project\lw_calibration_images\IMG\robocam_2018_01_20_19_52_35_568.jpg;0;0;0;0;100.8704;83.48061;358.9772;0.007369995;359.9626
C:\lucas\studium\udacity\nd209-robotics\project1\RoboND-Rover-Project\lw_calibration_images\IMG\robocam_2018_01_20_19_52_35_635.jpg;0;0;0;0;100.8704;83.48061;359.0099;0.007286072;359.9641
C:\lucas\studium\udacity\nd209-robotics\project1\RoboND-Rover-Project\lw_calibration_images\IMG\robocam_2018_01_20_19_52_35_701.jpg;0;0;0;-0.01186763;100.8704;83.48061;359.0555;0.007331848;359.967
C:\lucas\studium\udacity\nd209-robotics\project1\RoboND-Rover-Project\lw_calibration_images\IMG\robocam_2018_01_20_19_52_35_768.jpg;0;0;0;-0.01659127;100.8704;83.48061;359.1158;0.00743103;359.9702
C:\lucas\studium\udacity\nd209-robotics\project1\RoboND-Rover-Project\lw_calibration_images\IMG\robocam_2018_01_20_19_52_35_836.jpg;0;0;0;-0.02174;100.8703;83.48061;359.2153;0.007484436;359.975
C:\lucas\studium\udacity\nd209-robotics\project1\RoboND-Rover-Project\lw_calibration_images\IMG\robocam_2018_01_20_19_52_35_901.jpg;0;0;0.2030549;-0.02479725;100.8703;83.4806;359.3013;0.007499695;359.9788
C:\lucas\studium\udacity\nd209-robotics\project1\RoboND-Rover-Project\lw_calibration_images\IMG\robocam_2018_01_20_19_52_35_968.jpg;0;0;0.4002305;-0.02778554;100.8703;83.4806;359.3944;0.007499695;359.9828
C:\lucas\studium\udacity\nd209-robotics\project1\RoboND-Rover-Project\lw_calibration_images\IMG\robocam_2018_01_20_19_52_36_037.jpg;0;0;0.6043279;-0.02922176;100.8702;83.4806;359.5258;0.007499695;359.988
C:\lucas\studium\udacity\nd209-robotics\project1\RoboND-Rover-Project\lw_calibration_images\IMG\robocam_2018_01_20_19_52_36_103.jpg;0;0;0.8054701;-0.02999267;100.8702;83.4806;359.6268;0.007499695;359.9918
C:\lucas\studium\udacity\nd209-robotics\project1\RoboND-Rover-Project\lw_calibration_images\IMG\robocam_2018_01_20_19_52_36_170.jpg;0;0;1;-0.03004484;100.8701;83.4806;359.7276;0.007499695;-0.004517994
C:\lucas\studium\udacity\nd209-robotics\project1\RoboND-Rover-Project\lw_calibration_images\IMG\robocam_2018_01_20_19_52_36_237.jpg;0;0;1;-0.02941054;100.8701;83.48058;359.8585;0.007499695;2.067739E-07
C:\lucas\studium\udacity\nd209-robotics\project1\RoboND-Rover-Project\lw_calibration_images\IMG\robocam_2018_01_20_19_52_36_302.jpg;0;0;1;-0.02825817;100.87;83.48059;359.9518;0.007499695;0.003053471
C:\lucas\studium\udacity\nd209-robotics\project1\RoboND-Rover-Project\lw_calibration_images\IMG\robocam_2018_01_20_19_52_36_370.jpg;0;0;1;-0.02601978;100.87;83.48059;0.03925256;0.007507324;0.00577681
C:\lucas\studium\udacity\nd209-robotics\project1\RoboND-Rover-Project\lw_calibration_images\IMG\robocam_2018_01_20_19_52_36_435.jpg;0;0;1;-0.02389869;100.87;83.48058;0.1446026;0.007484436;0.008849012
C:\lucas\studium\udacity\nd209-robotics\project1\RoboND-Rover-Project\lw_calibration_images\IMG\robocam_2018_01_20_19_52_36_503.jpg;0;0;1;-0.02147385;100.8699;83.48059;0.2139074;0.007476807;0.01071299
C:\lucas\studium\udacity\nd209-robotics\project1\RoboND-Rover-Project\lw_calibration_images\IMG\robocam_2018_01_20_19_52_36_569.jpg;0;0;1;-0.01788644;100.8699;83.48059;0.2740678;0.007476807;0.01219368
C:\lucas\studium\udacity\nd209-robotics\project1\RoboND-Rover-Project\lw_calibration_images\IMG\robocam_2018_01_20_19_52_36_636.jpg;0;0;1;-0.01501884;100.8699;83.48058;0.3392379;0.007469177;0.01357649
C:\lucas\studium\udacity\nd209-robotics\project1\RoboND-Rover-Project\lw_calibration_images\IMG\robocam_2018_01_20_19_52_36_702.jpg;0;0;1;-0.01207225;100.8699;83.48059;0.3765272;0.007469177;0.01418625
C:\lucas\studium\udacity\nd209-robotics\project1\RoboND-Rover-Project\lw_calibration_images\IMG\robocam_2018_01_20_19_52_36_769.jpg;0;0;0;0;100.8699;83.48059;0.4038718;0.007469177;0.01444996
C:\lucas\studium\udacity\nd209-robotics\project1\RoboND-Rover-Project\lw_calibration_images\IMG\robocam_2018_01_20_19_52_36_836.jpg;0;0;0;0;100.8699;83.48059;0.4252294;0.007461548;0.01430761
C:\lucas\studium\udacity\nd209-robotics\project1\RoboND-Rover-Project\lw_calibration_images\IMG\robocam_2018_01_20_19_52_36_903.jpg;0;0;0;0;100.8699;83.48058;0.4304357;0.007469177;0.01386936
C:\lucas\studium\udacity\nd209-robotics\project1\RoboND-Rover-Project\lw_calibration_images\IMG\robocam_2018_01_20_19_52_36_970.jpg;0;0;0;0;100.8699;83.48058;0.4269964;0.007461548;0.01318355
C:\lucas\studium\udacity\nd209-robotics\project1\RoboND-Rover-Project\lw_calibration_images\IMG\robocam_2018_01_20_19_52_37_037.jpg;0;0;0;0;100.8699;83.48059;0.4101792;0.007469177;0.01194641
C:\lucas\studium\udacity\nd209-robotics\project1\RoboND-Rover-Project\lw_calibration_images\IMG\robocam_2018_01_20_19_52_37_103.jpg;0;0.2001454;0;0.03219359;100.8711;83.4806;0.4152639;0.1566772;0.009823429
C:\lucas\studium\udacity\nd209-robotics\project1\RoboND-Rover-Project\lw_calibration_images\IMG\robocam_2018_01_20_19_52_37_169.jpg;0;0.398724;0;0.02500509;100.8727;83.48061;0.4200392;0.2125854;0.008317887
C:\lucas\studium\udacity\nd209-robotics\project1\RoboND-Rover-Project\lw_calibration_images\IMG\robocam_2018_01_20_19_52_37_236.jpg;0;0.5990208;0;0.03807014;100.8773;83.48058;0.4635052;0.4285889;0.0005025155
C:\lucas\studium\udacity\nd209-robotics\project1\RoboND-Rover-Project\lw_calibration_images\IMG\robocam_2018_01_20_19_52_37_303.jpg;0;0.7994111;0;0.08010049;100.8839;83.48069;0.5425406;0.6309052;-0.003819207
C:\lucas\studium\udacity\nd209-robotics\project1\RoboND-Rover-Project\lw_calibration_images\IMG\robocam_2018_01_20_19_52_37_369.jpg;0;0.9999073;0;0.1364907;100.8935;83.48082;0.6626307;0.64505;-0.0007681274
C:\lucas\studium\udacity\nd209-robotics\project1\RoboND-Rover-Project\lw_calibration_images\IMG\robocam_2018_01_20_19_52_37_437.jpg;0;1;0;0.1805228;100.913;83.481;0.9050049;0.681015;-0.0002997119
C:\lucas\studium\udacity\nd209-robotics\project1\RoboND-Rover-Project\lw_calibration_images\IMG\robocam_2018_01_20_19_52_37_504.jpg;0;1;0;0.2400347;100.9325;83.48124;1.134705;0.8289871;-0.001346291
C:\lucas\studium\udacity\nd209-robotics\project1\RoboND-Rover-Project\lw_calibration_images\IMG\robocam_2018_01_20_19_52_37_570.jpg;0;1;0;0.3018523;100.953;83.48135;1.29075;0.8877487;-0.0006045718
C:\lucas\studium\udacity\nd209-robotics\project1\RoboND-Rover-Project\lw_calibration_images\IMG\robocam_2018_01_20_19_52_37_637.jpg;0;1;0;0.3567993;100.9808;83.48167;1.218647;0.891037;-0.000108774
C:\lucas\studium\udacity\nd209-robotics\project1\RoboND-Rover-Project\lw_calibration_images\IMG\robocam_2018_01_20_19_52_37_703.jpg;0;0.8998067;0;0.4094492;101.0046;83.48198;1.120596;1.00341;-0.001223959
C:\lucas\studium\udacity\nd209-robotics\project1\RoboND-Rover-Project\lw_calibration_images\IMG\robocam_2018_01_20_19_52_37_770.jpg;0;0.6995936;0;0.4740215;101.0319;83.48238;1.078855;0.9619675;0.001013929
C:\lucas\studium\udacity\nd209-robotics\project1\RoboND-Rover-Project\lw_calibration_images\IMG\robocam_2018_01_20_19_52_37_837.jpg;0;0.4988796;0;0.5098652;101.0721;83.48291;1.069636;0.8847656;0.001080799
C:\lucas\studium\udacity\nd209-robotics\project1\RoboND-Rover-Project\lw_calibration_images\IMG\robocam_2018_01_20_19_52_37_903.jpg;0;0.3000191;0;0.5113076;101.1029;83.48328;1.047076;0.8792725;-0.0008644835
C:\lucas\studium\udacity\nd209-robotics\project1\RoboND-Rover-Project\lw_calibration_images\IMG\robocam_2018_01_20_19_52_37_971.jpg;0;0;0;0.5278469;101.1344;83.48374;1.020942;0.9992752;-0.000414733
C:\lucas\studium\udacity\nd209-robotics\project1\RoboND-Rover-Project\lw_calibration_images\IMG\robocam_2018_01_20_19_52_38_038.jpg;0;0;0.2007829;0.5224378;101.1645;83.48414;0.6999478;0.8873672;0.005449697
C:\lucas\studium\udacity\nd209-robotics\project1\RoboND-Rover-Project\lw_calibration_images\IMG\robocam_2018_01_20_19_52_38_103.jpg;0;0;0.4010157;0.2198553;101.1648;83.48415;359.9859;0.8876953;0.01034346
C:\lucas\studium\udacity\nd209-robotics\project1\RoboND-Rover-Project\lw_calibration_images\IMG\robocam_2018_01_20_19_52_38_171.jpg;0;0;0.6011254;0.1968474;101.1651;83.48415;359.3246;0.8878784;0.01462277
C:\lucas\studium\udacity\nd209-robotics\project1\RoboND-Rover-Project\lw_calibration_images\IMG\robocam_2018_01_20_19_52_38_238.jpg;0;0;0.7999059;0.1700167;101.1654;83.4838;358.6067;0.8877563;0.003043802
C:\lucas\studium\udacity\nd209-robotics\project1\RoboND-Rover-Project\lw_calibration_images\IMG\robocam_2018_01_20_19_52_38_304.jpg;0;0;1;0.113115;101.1656;83.48376;358.31;0.8862991;-0.002590302
C:\lucas\studium\udacity\nd209-robotics\project1\RoboND-Rover-Project\lw_calibration_images\IMG\robocam_2018_01_20_19_52_38_370.jpg;0;0;1;0.01859728;101.1658;83.48344;358.3155;0.8871078;359.9931
C:\lucas\studium\udacity\nd209-robotics\project1\RoboND-Rover-Project\lw_calibration_images\IMG\robocam_2018_01_20_19_52_38_438.jpg;0;0;1;-0.07505841;101.1658;83.48276;358.6939;0.8872757;-0.003714773
C:\lucas\studium\udacity\nd209-robotics\project1\RoboND-Rover-Project\lw_calibration_images\IMG\robocam_2018_01_20_19_52_38_505.jpg;0;0;1;-0.1113813;101.1656;83.48277;359.0699;0.8856277;0.04347995
C:\lucas\studium\udacity\nd209-robotics\project1\RoboND-Rover-Project\lw_calibration_images\IMG\robocam_2018_01_20_19_52_38_572.jpg;0;0;1;-0.1097536;101.1655;83.48273;359.4354;0.8858337;0.08482879
C:\lucas\studium\udacity\nd209-robotics\project1\RoboND-Rover-Project\lw_calibration_images\IMG\robocam_2018_01_20_19_52_38_638.jpg;0;0;1;-0.1047692;101.1653;83.48267;359.8972;0.8852844;0.1314168
C:\lucas\studium\udacity\nd209-robotics\project1\RoboND-Rover-Project\lw_calibration_images\IMG\robocam_2018_01_20_19_52_38_704.jpg;0;0;0;-0.09818848;101.1652;83.48264;0.2175274;0.8844528;0.1596767
C:\lucas\studium\udacity\nd209-robotics\project1\RoboND-Rover-Project\lw_calibration_images\IMG\robocam_2018_01_20_19_52_38_771.jpg;0;0;0;-0.08731658;101.1651;83.4826;0.5104753;0.8834305;0.1821255
C:\lucas\studium\udacity\nd209-robotics\project1\RoboND-Rover-Project\lw_calibration_images\IMG\robocam_2018_01_20_19_52_38_839.jpg;0;0;0;-0.07036408;101.165;83.48207;0.8134274;0.8826447;0.1510351
C:\lucas\studium\udacity\nd209-robotics\project1\RoboND-Rover-Project\lw_calibration_images\IMG\robocam_2018_01_20_19_52_38_905.jpg;0;0;0;-0.05686109;101.1649;83.48195;0.9895778;0.8826828;0.1157934
C:\lucas\studium\udacity\nd209-robotics\project1\RoboND-Rover-Project\lw_calibration_images\IMG\robocam_2018_01_20_19_52_38_972.jpg;0;0;0;-0.04115582;101.1649;83.48184;1.116379;0.8831558;0.0616372
C:\lucas\studium\udacity\nd209-robotics\project1\RoboND-Rover-Project\lw_calibration_images\IMG\robocam_2018_01_20_19_52_39_039.jpg;0;0;0;-0.02972766;101.1648;83.482;1.185394;0.8846436;359.9708
C:\lucas\studium\udacity\nd209-robotics\project1\RoboND-Rover-Project\lw_calibration_images\IMG\robocam_2018_01_20_19_52_39_105.jpg;0;0;0;0.01829708;101.1648;83.48247;1.153446;0.8851013;359.9457
C:\lucas\studium\udacity\nd209-robotics\project1\RoboND-Rover-Project\lw_calibration_images\IMG\robocam_2018_01_20_19_52_39_171.jpg;0;0;0;0.02095413;101.1649;83.48289;1.075593;0.8849945;359.9509
C:\lucas\studium\udacity\nd209-robotics\project1\RoboND-Rover-Project\lw_calibration_images\IMG\robocam_2018_01_20_19_52_39_239.jpg;0;0;0;0.02718335;101.1649;83.48296;0.9499291;0.8849487;359.9481
C:\lucas\studium\udacity\nd209-robotics\project1\RoboND-Rover-Project\lw_calibration_images\IMG\robocam_2018_01_20_19_52_39_306.jpg;0;0;0;0.03072159;101.1649;83.48296;0.8427575;0.8848877;359.9457
C:\lucas\studium\udacity\nd209-robotics\project1\RoboND-Rover-Project\lw_calibration_images\IMG\robocam_2018_01_20_19_52_39_371.jpg;0;0;0;0.03426445;101.165;83.48296;0.727142;0.8847961;359.9446
C:\lucas\studium\udacity\nd209-robotics\project1\RoboND-Rover-Project\lw_calibration_images\IMG\robocam_2018_01_20_19_52_39_439.jpg;0;0;0;0.03592904;101.165;83.48297;0.5648185;0.8846512;359.9451
C:\lucas\studium\udacity\nd209-robotics\project1\RoboND-Rover-Project\lw_calibration_images\IMG\robocam_2018_01_20_19_52_39_506.jpg;0;0;0;0.03678597;101.165;83.48297;0.440474;0.8845139;359.9466
C:\lucas\studium\udacity\nd209-robotics\project1\RoboND-Rover-Project\lw_calibration_images\IMG\robocam_2018_01_20_19_52_39_574.jpg;0;0;0;0.03674778;101.1651;83.48298;0.3167235;0.8843689;359.9491
C:\lucas\studium\udacity\nd209-robotics\project1\RoboND-Rover-Project\lw_calibration_images\IMG\robocam_2018_01_20_19_52_39_640.jpg;0;0;0;0.03590496;101.1652;83.48298;0.1566441;0.8842087;359.9536
C:\lucas\studium\udacity\nd209-robotics\project1\RoboND-Rover-Project\lw_calibration_images\IMG\robocam_2018_01_20_19_52_39_707.jpg;0;0;0;0.03443542;101.1652;83.48298;0.04295144;0.8841248;359.9578
C:\lucas\studium\udacity\nd209-robotics\project1\RoboND-Rover-Project\lw_calibration_images\IMG\robocam_2018_01_20_19_52_39_773.jpg;0;0;0;0.03162833;101.1652;83.48299;359.9367;0.8840408;359.9624
C:\lucas\studium\udacity\nd209-robotics\project1\RoboND-Rover-Project\lw_calibration_images\IMG\robocam_2018_01_20_19_52_39_840.jpg;0;0;0;0.02898867;101.1653;83.48298;359.8092;0.8839874;359.9691
C:\lucas\studium\udacity\nd209-robotics\project1\RoboND-Rover-Project\lw_calibration_images\IMG\robocam_2018_01_20_19_52_39_908.jpg;0;0;0;0.02598433;101.1653;83.48298;359.7256;0.8839645;359.9744
C:\lucas\studium\udacity\nd209-robotics\project1\RoboND-Rover-Project\lw_calibration_images\IMG\robocam_2018_01_20_19_52_39_974.jpg;0;0;0;0.02155521;101.1653;83.48298;359.6535;0.8839798;359.9797
C:\lucas\studium\udacity\nd209-robotics\project1\RoboND-Rover-Project\lw_calibration_images\IMG\robocam_2018_01_20_19_52_40_041.jpg;0;0;0;0.01802562;101.1654;83.48299;359.5758;0.8840179;359.9868
